{
  "openapi": "3.0.0",
  "info": {
    "title": "Tomorrow's Weather Forecast API - v0.1",
    "version": "0.1",
    "contact": {
      "name": "Mahmoud Abughali",
      "email": "m.abughali@ibm.com"
    },
    "description": "The Tomorrow's Forecast  API is sourced from the The Weather Company Daily Forecast API."
  },
  "servers": [
    {
      "url": "/forecast"
    }
  ],
  "tags": [
    {
      "name": "currency"
    }
  ],
  "paths": {
    "/forecast": {
      "get": {
        "summary": "Weather Forecast",
        "operationId": "forecast",
        "description": "Weather forecast for next day",
        "tags": [
          "Weather Forecast"
        ],
        "parameters": [
          {
            "name": "postalCode",
            "in": "query",
            "description": "Location query parameter",
            "required": true,
            "schema": {
              "type": "string"
            }
          }
        ],
        "responses": {
          "200": {
            "description": "OK",
            "content": {
              "application/json": {
                "schema": {
                  "$ref": "#/components/schemas/forecast_result"
                },
                "example": {
                  "narrative": "Narrative",
                  "temperature": {
                    "high": 1,
                    "low": 2
                  }
                }
              }
            }
          },
          "400": {
            "description": "Failed",
            "content": {
              "application/json": {
                "schema": {
                  "$ref": "#/components/schemas/400_error"
                },
                "example": {
                  "error": "Failure message"
                }
              }
            }
          }
        }
      }
    }
  },
  "components": {
    "schemas": {
      "forecast_result": {
        "type": "object",
        "properties": {
          "narrative": {
            "type": "string",
            "description": "Narrative of Weather"
          },
          "temperature": {
            "type": "object",
            "description": "Temperature",
            "properties": {
              "high": {
                "type": "integer",
                "description": "Temperature High"
              },
              "low": {
                "type": "integer",
                "description": "Temperature Low"
              }
            }
          }
        },
        "required": [
          "narrative"
        ]
      },
      "400_error": {
        "type": "object",
        "properties": {
          "error": {
            "type": "string",
            "description": "Error message"
          }
        }
      }
    }
  }
}